AllSuccess,CancelF,JoinF,TakeF,ImproveF,AllF,Average
3.7912371134021043,3.727619532044804,3.7719665271966933,3.768691588785088,3.789874081846839,3.6493710691824277,3.7297119072165366
